USE shipping;

INSERT INTO ships
VALUES
('Seafarer',40,'Smith, Jon',100,'Port of Juneau',2000,1,'Port of Juneau');
INSERT INTO ships
VALUES
('Toshokan',20,'Fujii Denji',80,'Port of Toukyou',2001,2,'Port of Toukyou');
INSERT INTO ships
VALUES
('Naglfar',50,'Bjorns, Thorvaldur',120,'Reykjavik',1999,3,'Reykjavik');
INSERT INTO ships
VALUES
('Mikasa',45,'Yamanaka Gorou',110,'Port of Oosaka',2000,4,'Port of Juneau');
INSERT INTO ships
VALUES
('Mjolnir',30,'Skjeldhalter, Bjorn',90,'Port of Bergen',2003,5,'Port of Juneau');
INSERT INTO ships
VALUES
('Wavebreaker',40,'Doe, John',105,'Port of Juneau',2010,6,'Port of Oosaka');
INSERT INTO ships
VALUES
('Seasmasher',50,'Davis, Kevin',90,'Port of Juneau',2002,7,'Port of Bergen');
INSERT INTO ships
VALUES
('Gnyr',45,'Thorvalds, Bjorn',125,'Reykjavik',1987,8,'Port of Bergen');
INSERT INTO ships
VALUES
('Windbreaker',35,'Davis, Mortimer',105,'Port of Juneau',2005,9,'Reykjavik');
INSERT INTO ships
VALUES
('Negima',30,'Konoe Touta',120,'Port of Toukyou',2020,10,'Port of Oosaka');

INSERT INTO ports
VALUES
('Port of Juneau','US, Juneau');
INSERT INTO ports
VALUES
('Port of Toukyou','Japan, Toukyou');
INSERT INTO ports
VALUES
('Reykjavik','Iceland, Reykjavik');
INSERT INTO ports
VALUES
('Port of Bergen','Norway, Bergen');
INSERT INTO ports
VALUES
('Port of Oosaka','Japan, Oosaka');

INSERT INTO containers
VALUES
(1,12,9,21,230,5);
INSERT INTO containers
VALUES
(2,10,6,12,120,7);
INSERT INTO containers
VALUES
(3,8,8,15,130,9);
INSERT INTO containers
VALUES
(4,6,6,6,200,4);
INSERT INTO containers
VALUES
(5,12,9,18,150,2);
INSERT INTO containers
VALUES
(6,6,9,15,220,9);
INSERT INTO containers
VALUES
(7,12,9,21,200,10);
INSERT INTO containers
VALUES
(8,3,7,15,235,1);
INSERT INTO containers
VALUES
(9,12,6,12,120,4);
INSERT INTO containers
VALUES
(10,5,6,12,230,7);
INSERT INTO containers
VALUES
(11,7,9,15,130,6);
INSERT INTO containers
VALUES
(12,8,3,16,240,8);
INSERT INTO containers
VALUES
(13,6,6,14,100,3);
INSERT INTO containers
VALUES
(14,12,8,12,120,2);
INSERT INTO containers
VALUES
(15,10,3,16,130,5);
INSERT INTO containers
VALUES
(16,8,9,18,160,10);
INSERT INTO containers
VALUES
(17,9,5,21,120,7);
INSERT INTO containers
VALUES
(18,4,7,10,160,9);
INSERT INTO containers
VALUES
(19,12,3,14,200,4);
INSERT INTO containers
VALUES
(20,10,9,15,230,2);